{
	"name": "SpaceBook",
	"version": "1.0.27",
	"title": "SpaceBook (manager for multiplayer gaming)",
	"author": "BinbinHfr",
	"description": "Manager for multiplayer gaming : manage forces/teams/stances, players/rights/login/guests/bans, prepare map with spawning zones and resources.",
	"homepage": "https://forums.factorio.com/viewtopic.php?f=92&t=25680",
	"contact": "https://forums.factorio.com/memberlist.php?mode=viewprofile&u=14267",
	"factorio_version":"0.15",
	"dependencies": ["? TimeTools", "? AutoPvP", "? rso-mod >= 2.2.1"]
}
